"force_proficiency","midichlorian_count","training_years","age","lineage","alignment","species","lightsaber_color","homeworld_gravity","number_of_porgs","droid_companion","pilot_skill"
262.704601892823,7512.65908277519,3.92575498595641,10,1,"Dark","Rodian","Blue",0.824154340483294,3,"No",39.6582778462998
159.985797745746,7499.84974525818,3.53079002783617,85,0,"Light","Mirialan","Yellow",1.31584645989244,3,"No",43.3952492674349
314.46850896519,10260.647563687,4.65404477243573,40,0,"Light","Human","Blue",1.04828597879424,0,"No",57.704792979082
309.504809747947,9237.71220003336,3.94735596298041,18,0,"Light","Rodian","Blue",0.896797831529988,6,"No",40.2013687768938
223.772440640387,7552.22328085864,3.53588194091451,41,0,"Light","Rodian","Yellow",0.884491932446894,1,"Yes",40.241625459269
229.136116071371,7490.48206170584,2.11576467905671,47,1,"Light","Twi'lek","Yellow",1.44821611182464,1,"Yes",40.9680549292939
419.845507855336,16194.992278099,3.10306524521329,83,1,"Light","Human","Yellow",0.968058758904213,1,"No",55.6520319733581
248.008295041614,7158.03006564867,6.18224312421072,14,0,"Dark","Twi'lek","Blue",1.0898621746828,5,"Yes",47.535219052422
276.150087600506,9822.04673699531,4.25251421351695,59,0,"Light","Zabrak","Yellow",1.16855110886307,2,"No",33.5611938902049
340.778013450407,10535.6982959319,0,13,1,"Light","Human","Blue",1.04682521036406,4,"No",44.895525927157
111.880876233579,5807.23630043322,5.51333022482736,84,1,"Light","Mirialan","Yellow",1.04465778772396,2,"No",65.8668524704196
546.865037634846,19498.5996999096,3.2461477933338,67,1,"Dark","Twi'lek","Blue",0.785446655279077,0,"Yes",46.1236443421206
274.241528054634,9900.84874365939,4.52354830837455,69,1,"Light","Mirialan","Blue",0.814002124302728,2,"Yes",40.3982835184494
415.075579251782,12819.3735014959,5.1305425769302,32,0,"Light","Zabrak","Yellow",1.21771068736558,4,"No",36.0315298726212
266.401332639723,7651.64791653556,7.46961095652257,23,0,"Light","Zabrak","Yellow",0.730712098071619,2,"Yes",53.9550835573403
474.83892573935,15433.6558545821,8.88297363262422,45,0,"Light","Twi'lek","Yellow",1.27255301638251,2,"Yes",60.8827453433092
190.464125535351,6036.63717076303,1.50612202290215,37,0,"Light","Twi'lek","Blue",1.11654689275556,2,"Yes",54.3445101002734
272.808017808562,11397.6441310648,3.59893266925924,82,1,"Light","Zabrak","Yellow",1.34189473,1,"No",53.0914288727493
268.455816330921,11489.9186468379,6.69625513197804,89,0,"Light","Rodian","Blue",0.927266746665542,0,"No",52.680617016998
262.104824541854,7978.59453579171,7.64522404736739,20,0,"Dark","Human","Blue",1.34626408102344,4,"No",48.1778832325079
423.273172564213,13484.0767770435,6.2663011434258,34,0,"Light","Zabrak","Yellow",0.894764756470582,4,"No",45.1763465454638
405.040862591106,11808.7412690292,7.0501484680759,11,1,"Light","Mirialan","Yellow",1.2800412187318,6,"No",47.7959757568766
180.539680642495,8222.57957354052,3.65689055221749,85,1,"Dark","Mirialan","Blue",1.47694588422615,3,"Yes",28.4649533992776
245.892371578189,10219.4735807543,3.52758261756941,75,0,"Dark","Zabrak","Blue",0.836897835284215,3,"No",44.3301810722669
167.558398714151,8196.7681313674,4.65568511269315,88,0,"Light","Human","Yellow",1.02744609594547,3,"Yes",73.079663126774
244.009759953219,9349.04066802124,7.19143431029814,71,0,"Dark","Twi'lek","Blue",1.39312636091055,2,"No",56.5936652598452
374.431734156403,12878.6540712598,10.350232471445,67,0,"Light","Human","Yellow",1.19039146259192,1,"No",40.4238233336994
235.746639514406,7460.68687116848,1.52196520782869,39,1,"Light","Mirialan","Yellow",0.729493656207139,1,"No",59.1481393611769
184.9667802892,6434.46952843574,5.49982825271956,67,1,"Light","Twi'lek","Yellow",1.01862023257127,0,"No",47.3558888294561
145.471167676351,7407.47650510084,2.64903756478593,89,1,"Light","Twi'lek","Yellow",0.476674993421099,1,"Yes",40.0268818104051
206.284967969052,5756.34531232493,4.10159491884632,12,0,"Light","Human","Blue",1.14855409369135,2,"Yes",67.5598222513038
388.73290354161,11613.5841508443,6.92066688429403,36,1,"Light","Human","Yellow",1.09459762550099,1,"Yes",36.9636892820211
295.139080757896,8774.72257281323,2.58716368560678,27,1,"Light","Twi'lek","Blue",0.963003150184792,2,"Yes",79.8857741321951
133.140759541311,5272.94430811494,9.84227754497363,68,0,"Dark","Rodian","Blue",0.876112853003887,2,"No",53.3103329703712
224.17462755655,5921.52136588113,10.3409034884447,21,1,"Dark","Human","Blue",1.0390611968846,1,"Yes",51.0903815976197
199.997360893211,5813.21123695633,4.32509883037809,23,0,"Light","Zabrak","Yellow",0.812178741353847,2,"Yes",59.3849276761719
226.71476420878,7937.89973472978,1.26928608959782,51,0,"Light","Zabrak","Blue",1.11464678629304,3,"No",42.2494526343934
285.485520700558,7834.86381681637,12.6159221208136,22,1,"Light","Twi'lek","Blue",0.688859790916542,2,"Yes",47.3312798440157
280.536730806418,9078.19380187994,4.35411789948129,37,0,"Light","Human","Blue",1.2056162373581,2,"Yes",49.1544615559804
160.91731067666,4366.68976180796,4.07747149494328,30,1,"Light","Human","Blue",0.674476396628545,3,"Yes",67.0983073832701
546.154810075195,17426.7384001024,4.42817190401216,41,1,"Light","Rodian","Yellow",1.10832606025668,3,"Yes",51.3662229859589
338.797428297442,10340.1469564444,6.65214628381769,26,0,"Light","Twi'lek","Yellow",1.04994648277318,1,"Yes",54.1843662025737
173.375356993726,6331.39443367054,5.30062927663475,59,1,"Dark","Zabrak","Yellow",1.32707724307378,0,"No",47.7746977099589
319.627585627342,11164.2349375702,4.05283091991974,56,0,"Light","Rodian","Blue",1.02951924416931,0,"Yes",31.060364681832
243.15804274722,7250.71094836255,4.48775851599971,29,1,"Dark","Zabrak","Blue",1.00990494940948,2,"No",28.5039568730735
272.134916549511,8911.47808568172,0.688298219602891,39,0,"Light","Zabrak","Yellow",1.43475444453835,1,"No",47.1166328036639
231.997076632075,8133.32461136163,5.08351841831368,61,1,"Light","Human","Yellow",1.14591609785152,1,"No",58.0453047855084
381.336749168427,11592.4945111319,4.40753574780812,11,0,"Light","Mirialan","Yellow",0.936612552345458,1,"Yes",60.065665947875
473.555335928938,15303.6006378616,3.71282080258454,34,1,"Dark","Twi'lek","Blue",1.07516193693735,4,"No",59.5569878863327
157.488886751428,8289.56685923747,6.53540732333545,87,0,"Dark","Mirialan","Blue",0.699496531350777,2,"No",66.5610982161805
194.511596835645,8129.51993211643,2.2690196776043,70,1,"Dark","Human","Yellow",1.01211903414943,2,"Yes",61.624924330995
435.915665266836,13096.0801588879,5.50222050991973,29,1,"Light","Rodian","Yellow",0.882306782987116,1,"Yes",50.4894443376144
237.14286502212,9562.7669601514,8.74679547644387,82,1,"Light","Mirialan","Yellow",1.21412128978738,2,"Yes",45.7294723292009
304.156885018166,11402.1921037506,5.89751442666028,71,0,"Light","Zabrak","Blue",1.02155461017419,1,"Yes",50.0794686704043
253.718745603721,9146.99876750557,1.63439991670233,61,1,"Light","Zabrak","Blue",1.2027374090384,3,"No",75.4104860572802
231.94877096133,7252.36599431149,4.78702676186567,23,0,"Dark","Mirialan","Blue",0.766746746569175,2,"Yes",52.382740230279
315.628561375096,8754.29794678892,11.8165703285509,10,0,"Dark","Rodian","Blue",1.03813731976648,0,"Yes",28.4328771710482
432.379560936404,15333.2925264672,3.92489102321196,65,0,"Dark","Rodian","Yellow",0.839098131517595,3,"Yes",41.8032228865444
331.092370880334,10725.1146802055,11.0597105062966,48,0,"Dark","Mirialan","Yellow",1.08566640009374,2,"No",48.834626650382
240.603477522407,8028.07599921612,1.46006756860176,37,0,"Dark","Human","Blue",0.9475390948374,3,"No",49.3851123037051
255.868223166151,9354.44252405144,11.9211167341369,71,0,"Light","Zabrak","Blue",1.1757624395678,1,"No",57.1543984540666
356.411272908181,10883.9826181259,4.63175720798969,22,1,"Dark","Human","Blue",1.21794843127091,0,"Yes",35.3305802139064
210.511480007956,9151.47902366766,4.99955438402441,78,0,"Dark","Rodian","Yellow",1.32230038077372,1,"Yes",55.3513439568857
178.099006938249,7720.17519425461,11.0328875547519,89,1,"Light","Mirialan","Yellow",1.48575100320923,1,"Yes",47.6780570981703
265.623108125252,10011.7652379599,2.78264936767854,68,0,"Light","Human","Blue",0.801808484617596,4,"Yes",42.1984724604495
247.814451718264,8786.92455160621,1.50326666499818,47,0,"Dark","Mirialan","Yellow",0.946447262564556,2,"No",43.3474499475933
209.173274390801,7590.00927505296,7.60606339745566,62,0,"Light","Human","Yellow",1.12267976204982,2,"No",61.363986044009
349.129519242431,11004.3873257678,2.20037774417255,27,0,"Light","Rodian","Blue",0.814280515196567,2,"Yes",42.4962101126986
306.548596633241,10537.2141918001,4.64947708798235,54,1,"Dark","Zabrak","Yellow",1.29700305826736,7,"Yes",39.6707601563588
347.161827889979,11559.7164503026,3.81963935264419,46,1,"Light","Human","Blue",1.04470516500781,2,"No",49.0154939057219
147.028100104893,6144.75254965313,4.95878136057308,72,0,"Light","Zabrak","Yellow",1.1695059778319,1,"No",67.4426892976844
397.087546878871,12868.226052351,4.53166022128382,35,0,"Dark","Rodian","Blue",1.18013811179384,0,"Yes",32.8586534858166
270.57166446148,8216.02268122092,4.56743068594712,32,0,"Light","Twi'lek","Yellow",0.898097390929792,1,"Yes",39.3060003636117
324.507617183432,11740.3098723972,5.42906561902084,64,0,"Light","Twi'lek","Blue",1.05113472747873,1,"Yes",56.7012759438155
204.479245815721,6553.57462083918,2.55315740461162,31,0,"Dark","Human","Blue",0.521982906869528,2,"No",34.1509997964214
129.494238465691,6316.59004616242,3.5116562945599,80,0,"Light","Zabrak","Blue",0.985822080182636,3,"No",60.8424851647405
260.805609794496,10196.8883542456,6.24373318951166,72,0,"Light","Twi'lek","Yellow",1.33153122282153,2,"No",61.6955953028677
178.544533318873,7907.84151696675,6.4067773978685,80,0,"Light","Twi'lek","Blue",0.992985533568478,3,"No",66.5631386498171
395.697918987981,12860.9088975305,0,38,1,"Light","Twi'lek","Blue",0.997877066565072,0,"Yes",60.6669198192596
559.989619610923,18325.3513834221,6.1731455438213,46,1,"Light","Human","Blue",0.799936713028093,4,"No",31.9292669215764
338.475579108387,10572.1988887791,8.38227902513942,39,0,"Light","Human","Yellow",0.6251064391881,3,"No",51.7548704687798
260.071140096689,8228.99709216604,0.153766874007758,11,0,"Light","Rodian","Blue",0.973628867531641,5,"No",34.7306063699455
511.507005309875,17706.7378224396,3.0049833830137,53,0,"Light","Twi'lek","Blue",0.772238382619566,3,"No",47.4862613320354
279.740248057051,10796.8473470491,2.9207878195879,66,0,"Light","Rodian","Blue",0.737297537441907,3,"No",67.328848805631
175.008752338634,5575.75440470284,7.29727143465322,50,0,"Light","Mirialan","Blue",1.06590676324081,3,"No",32.233128668045
243.083674648555,8776.85191310746,8.27233367804096,67,1,"Light","Zabrak","Yellow",0.694464229475625,1,"Yes",63.9835071966647
339.403204576817,10030.3941297585,8.71707229341151,17,0,"Light","Zabrak","Yellow",0.975477944384913,0,"No",71.4241444076694
334.119943724574,10196.8227505914,6.14323692030125,27,0,"Light","Zabrak","Yellow",0.883425029539032,1,"No",36.7117201713631
247.010719148174,9384.37225010039,3.64986859322778,72,1,"Dark","Zabrak","Yellow",0.72381264528993,3,"Yes",57.6180245546628
249.59971759677,7093.97946413915,5.28170250955229,24,1,"Light","Zabrak","Yellow",1.10879954029054,0,"Yes",57.5003693892587
313.32753614631,10896.0464036346,0.854855026493833,38,0,"Dark","Mirialan","Blue",1.034148290916,1,"No",50.749391610359
269.517727347268,7963.84161353119,4.55192576873083,15,1,"Dark","Human","Yellow",1.13249762018466,3,"No",45.8049619771947
218.77300009365,7883.19923546047,0.269301075640395,46,0,"Light","Human","Blue",1.01591110121541,2,"No",36.5423366940117
244.481461164814,8714.41861417126,5.17081733778046,61,1,"Light","Human","Blue",1.07302165792517,4,"No",70.4402375469336
197.747769285469,9266.99554441773,3.94317103907555,86,0,"Light","Mirialan","Yellow",0.982202833100108,0,"No",47.879754942088
282.529491894383,10570.5466204836,4.97943266895863,65,0,"Dark","Zabrak","Blue",1.23194570072622,1,"No",67.60577639516
340.253952208456,10132.5293776553,7.54470964473846,21,1,"Dark","Zabrak","Yellow",0.860831591029092,1,"No",62.9232201506663
264.199074338616,8760.94802167692,8.86905083980711,58,1,"Light","Zabrak","Yellow",0.734487927575823,4,"No",51.8778598002135
233.858073382148,7225.779141034,3.36840933250233,30,0,"Light","Rodian","Yellow",1.01475162900638,1,"No",54.6791508070834
159.228841601845,5988.52865048223,9.06639871592608,68,1,"Dark","Rodian","Yellow",1.10799575595649,4,"No",60.5391458180374
280.871118445636,12499.4021328644,0,86,1,"Dark","Rodian","Yellow",1.20356361342012,2,"No",48.2106542991767
286.066771839718,10968.190234429,6.05497205945411,76,0,"Light","Rodian","Yellow",1.01314727787641,1,"Yes",63.8313731545223
173.630969845329,8184.30430008533,7.15933111194323,84,0,"Dark","Rodian","Blue",1.21771324349827,1,"Yes",63.2832814627848
196.710153903973,6071.52144249184,5.0363754034912,23,0,"Dark","Human","Blue",0.85839118869058,5,"No",62.6174946516802
366.051114278218,10932.3880945356,10.3415714509196,15,0,"Dark","Human","Blue",0.951273207909285,0,"No",49.4617272846886
240.723984243019,7455.33799093511,7.62493984033167,31,0,"Dark","Human","Yellow",1.06020284501192,2,"No",28.8114929095832
252.674943775546,9496.94359744957,8.10760144710249,71,0,"Light","Zabrak","Blue",0.620075479218277,6,"Yes",45.3883664599104
320.544088482486,10399.2093435671,3.70340950225551,38,0,"Light","Zabrak","Yellow",1.12409455436336,3,"Yes",44.9374560925839
259.306415252094,10170.607039529,2.67644046869201,72,0,"Light","Rodian","Yellow",1.23771051782816,1,"No",51.100603289329
249.478787980679,8632.79431001082,4.9565824407557,51,0,"Dark","Rodian","Blue",0.874977979688768,1,"Yes",49.3791188047441
137.29938875261,5636.13474865921,12.1154843538897,70,0,"Dark","Mirialan","Yellow",0.860630236592781,2,"Yes",53.8400594598804
205.230759723299,8283.77382723782,6.33890342616631,73,0,"Light","Zabrak","Blue",0.768176532361358,2,"No",34.9483928190835
349.974217987437,11827.130429329,4.04846269116087,52,0,"Light","Mirialan","Blue",0.905694632648525,0,"No",53.0352750128125
355.917129369981,11133.1656649068,7.1213045108822,36,0,"Light","Mirialan","Yellow",1.15948646966052,2,"No",37.4516880898973
242.195205458424,9686.83450513305,3.49477277713041,70,0,"Dark","Mirialan","Blue",0.951430713207582,3,"Yes",55.4625656228989
279.982804059259,9438.63530165455,6.84055265726601,55,0,"Light","Mirialan","Blue",0.935046069862753,4,"No",60.3974323758009
323.198962896431,10614.3554104875,1.02179029324147,38,1,"Dark","Twi'lek","Blue",1.46221322755249,7,"No",71.4938167553878
242.032858108772,10513.6859080145,5.09823378919674,83,0,"Light","Twi'lek","Yellow",1.11328627796228,1,"No",59.5094136837401
263.718291903812,7391.65861900465,7.67513132626289,12,0,"Light","Twi'lek","Yellow",1.01612110093961,2,"No",60.1589387061746
250.442061639886,8148.02115168399,2.38967752335264,43,0,"Light","Twi'lek","Blue",1.40933266675908,3,"No",49.7079743044417
434.657264161561,13373.7399653709,3.37311057253884,16,0,"Light","Rodian","Blue",0.616378046349245,0,"Yes",40.6810971813558
229.13286930368,9264.31069963321,1.38064867264978,74,0,"Light","Twi'lek","Yellow",0.758256182205379,0,"No",50.250719519056
266.513200295105,9886.05734597979,6.70754962897802,68,0,"Light","Twi'lek","Yellow",1.03254839249268,1,"Yes",52.3299175538538
210.780597973866,8849.38324387245,0,73,1,"Light","Twi'lek","Blue",0.867195725215348,0,"Yes",42.468373851029
264.869018055501,10377.0706929597,10.6046451936953,78,0,"Light","Zabrak","Blue",1.12883771933695,0,"Yes",42.7381059168719
301.319133648183,10578.1078094242,2.1000857767811,52,0,"Light","Mirialan","Yellow",1.14561709745901,0,"No",41.2814362923562
226.729508907357,7508.7602967845,7.11167020212247,55,1,"Dark","Zabrak","Yellow",0.817403062532238,1,"No",50.4507294458203
205.994262245432,6195.80896517302,2.19128959402663,15,0,"Light","Human","Yellow",1.27366873015977,3,"No",52.0895726632047
209.458677127927,6888.22593583007,3.10732878275963,49,1,"Dark","Rodian","Yellow",0.820879267742988,1,"No",63.5911178917685
327.88791919113,11233.9187872541,3.07368399250948,46,0,"Dark","Human","Yellow",0.912254949816392,0,"No",54.2069625877684
454.909917051882,16493.6042476226,5.86159591178476,71,0,"Dark","Human","Blue",0.798579973954876,1,"Yes",52.3661114477723
265.506054957741,10021.9349669988,7.49805226162347,73,0,"Light","Human","Blue",1.21340607852131,2,"Yes",54.5376595968468
229.582031670739,8804.10190352593,4.96379683782659,75,1,"Light","Zabrak","Blue",0.660917850180523,2,"Yes",58.1272452913681
290.275771354546,9221.90806017936,3.89430147230623,21,0,"Dark","Rodian","Yellow",1.01736539112313,2,"Yes",37.1996968004126
82.866724375548,3834.7392628428,5.61173105191015,69,1,"Light","Mirialan","Yellow",1.13223928879817,0,"No",66.6906274934196
426.615789545858,15041.7386393179,6.8105942430225,65,1,"Dark","Mirialan","Yellow",1.21327945459618,0,"No",51.9817622838665
291.011643523471,10249.5542198668,5.11641231226613,59,0,"Light","Rodian","Yellow",1.32469226396618,2,"Yes",32.5338435060651
271.465849696025,8743.7200561861,11.8415835152555,53,0,"Light","Human","Yellow",0.623584079501957,3,"Yes",41.4342909473123
210.776968635182,6730.92557557564,1.91727759202678,39,0,"Light","Mirialan","Blue",0.976553237169815,2,"Yes",23.5539148462003
267.663069875191,8286.37297904704,4.20563393934626,29,0,"Light","Mirialan","Blue",0.59874843782362,1,"Yes",76.2861628519978
197.25353695225,5907.56827727299,2.38711928711334,28,1,"Dark","Twi'lek","Blue",0.955262313211018,3,"No",53.3377838918902
116.006409133154,6401.97401337272,5.86506051692922,89,1,"Dark","Zabrak","Blue",1.03513796111539,2,"No",64.6428343702976
248.031092035036,7478.82332452423,5.11630562279087,36,1,"Light","Zabrak","Blue",0.997028757121747,2,"No",50.9775353847975
385.852719306908,14789.3545457255,2.91921844571691,76,0,"Dark","Mirialan","Yellow",1.13613765666325,2,"Yes",48.3169867210085
187.221641654624,8209.30009585782,6.58706023909497,77,0,"Dark","Twi'lek","Blue",1.11716077502187,5,"Yes",57.1933056494847
105.632641588576,5698.15619822643,5.39055267675014,84,1,"Light","Zabrak","Blue",0.937637533594094,2,"Yes",53.9548044013767
367.755641733155,14615.2166158932,3.98507901693064,80,0,"Dark","Human","Yellow",1.0459277199013,1,"No",50.1827879726296
290.808499875438,11366.9025783028,1.62464218675871,76,1,"Light","Mirialan","Blue",1.07453237012488,1,"No",52.1945008200878
212.678904404855,7226.71005798433,8.38235482909221,58,0,"Light","Zabrak","Blue",1.34787821826212,2,"Yes",46.7497727801224
280.958781947742,7749.94390008658,10.7352490924157,10,0,"Dark","Twi'lek","Blue",1.2959046299907,4,"Yes",70.9447598656105
231.515333962202,8343.51401652531,3.95831927484638,58,1,"Dark","Mirialan","Blue",0.92075596003895,2,"No",52.8366015737066
317.057930799684,8864.48582607962,9.73000059775283,17,0,"Light","Human","Blue",0.759927144722022,1,"Yes",50.1894995057039
355.052212034521,10901.0185665217,9.74095111499418,23,0,"Dark","Mirialan","Yellow",0.731926437462911,2,"Yes",52.8693910482117
375.424279687521,12218.053620941,2.327636627185,30,0,"Light","Mirialan","Blue",1.07635912418485,3,"Yes",33.1715377201498
272.739719204344,8410.8333416249,0,14,0,"Light","Zabrak","Yellow",0.988644461256613,2,"Yes",41.8162384671284
286.705732979824,11462.8569147017,3.01152598013602,75,0,"Light","Rodian","Blue",1.04248913310543,1,"No",48.7828213560768
132.428094359638,5872.88719759537,2.00417959456487,79,1,"Light","Twi'lek","Yellow",1.16129840675259,2,"No",51.3273169625203
279.264741581007,8251.61873917436,6.50317554120117,27,1,"Light","Rodian","Yellow",0.97779631145097,1,"No",54.9300773693099
271.822368410274,8733.53836969724,11.006659995237,53,0,"Dark","Twi'lek","Yellow",0.848261797254019,0,"Yes",63.7020574585168
262.480708613183,7678.31584470825,5.84999508587999,18,0,"Light","Twi'lek","Yellow",0.924240204797199,2,"Yes",40.9435186714934
276.367646077106,11307.8723655848,8.13762793448299,84,0,"Light","Twi'lek","Yellow",1.1855816735333,2,"Yes",32.0976157939144
243.54307726622,7898.2702470703,6.5730837542786,55,1,"Light","Twi'lek","Blue",0.847080182965788,1,"Yes",40.3267883194944
329.397109710137,10713.6838905018,0,28,0,"Light","Twi'lek","Yellow",1.18880762519299,4,"No",46.772034166125
408.539910335178,15751.3097086599,3.6172398289313,84,1,"Light","Rodian","Blue",0.994547214448766,2,"Yes",66.5773747230375
232.047553736518,8010.32148623376,2.6965444799008,46,0,"Light","Twi'lek","Blue",0.951368858528325,2,"No",52.3319046283192
265.442040859503,8118.80092257481,6.67070361705077,39,0,"Light","Mirialan","Blue",0.791191137612515,1,"Yes",43.2369069215013
141.943553684326,6967.93050497104,0,75,0,"Dark","Rodian","Blue",0.857570610316596,3,"Yes",46.1984173112137
273.054828954818,7871.91850814174,8.08865171519309,24,0,"Light","Twi'lek","Blue",1.11107823370637,1,"No",53.7118656176886
300.634337730329,11239.1927251687,0.321099047473953,59,0,"Dark","Zabrak","Blue",0.713649047099762,2,"Yes",45.9173614978281
169.750144296058,8509.30971715715,5.84392922712853,85,0,"Dark","Human","Blue",0.680746539877823,1,"Yes",53.7943179825477
351.566650790882,11147.8149813899,7.05038568282442,36,1,"Dark","Twi'lek","Yellow",0.767864381220915,0,"Yes",71.7539650053719
252.604152642091,9976.39765774512,7.0622689180828,76,0,"Light","Zabrak","Yellow",1.00052632933414,2,"Yes",73.6595931186041
211.960696550391,8568.64492696379,1.11153656337412,64,0,"Dark","Human","Blue",0.924646402253026,2,"No",62.1339318586699
209.981715191982,7813.3761664174,9.39172158617169,69,0,"Light","Human","Yellow",1.16634875817065,1,"Yes",49.1036362625327
398.816624475892,12514.7706806381,9.35599077407998,31,0,"Dark","Mirialan","Blue",1.03239158481984,4,"No",46.9679371980212
186.577618566113,8660.2837373549,1.94666982726263,87,1,"Light","Twi'lek","Yellow",0.858944935417868,1,"Yes",56.2647982567385
337.322178942464,10788.123209486,8.36724071676586,53,1,"Light","Human","Blue",0.850563005640472,3,"No",52.3489508427221
273.675157126115,8650.21461958105,0.688584132172665,38,1,"Light","Twi'lek","Blue",0.868876660173181,1,"Yes",53.5016127288179
235.486714665461,6496.9519564034,4.10966099983884,23,1,"Light","Rodian","Blue",1.06683921153804,2,"Yes",56.2496828831788
202.736606997209,5664.52371160466,7.49892174381626,25,1,"Dark","Mirialan","Blue",0.849706473359249,2,"No",50.1371319586214
185.232477971188,8436.14314102225,1.1519922108683,82,0,"Light","Zabrak","Blue",1.30970252973893,2,"No",56.8283295512679
234.461807103403,8032.0414809239,0,52,1,"Light","Human","Yellow",1.28878347790236,0,"Yes",29.5398898337723
400.962323221425,13400.6883826078,3.49172754508101,52,1,"Light","Human","Blue",1.08469643589283,4,"Yes",27.5080909581033
237.154343163723,8254.69220160865,4.80978361879709,53,0,"Light","Rodian","Yellow",1.02724115100343,5,"No",54.6808221155356
177.448820618118,8418.04594428571,4.95153391297733,85,0,"Light","Human","Yellow",0.87247002114241,1,"Yes",55.7272937906857
221.322415444453,7668.81830697323,0.695864361786431,44,0,"Dark","Human","Yellow",1.08160251785422,3,"No",50.4991062620962
244.880138576953,8531.79639111763,4.75636483567429,50,1,"Dark","Human","Yellow",0.616675758784768,2,"Yes",49.2223671467811
176.374570661333,6762.07609814253,8.35934553784901,73,0,"Light","Zabrak","Yellow",1.0659585724295,1,"No",50.3492160668704
519.90150606789,16946.2623607707,4.76869398383408,26,0,"Dark","Zabrak","Yellow",1.00269253007289,0,"No",50.131447978487
275.48603508096,8797.75045063677,5.11890541239475,47,0,"Light","Twi'lek","Yellow",0.801696841986038,1,"No",44.1051583819443
311.565364539847,10304.4390276168,6.48245088047976,46,0,"Dark","Twi'lek","Yellow",0.733252386207131,1,"Yes",71.0784936888954
190.120057679396,7869.48401336138,3.06764834967235,70,0,"Light","Twi'lek","Blue",1.36715696206618,1,"Yes",47.7947606270704
228.991693377896,5936.96682580847,12.5928834241346,12,0,"Dark","Zabrak","Yellow",0.669332934578535,2,"Yes",40.7349236309344
248.985801878446,7073.60530432334,8.36405535514079,38,1,"Light","Rodian","Yellow",0.831328470171218,2,"No",53.1593135750499
180.932848834449,8085.80239964361,1.67336727921477,76,0,"Dark","Twi'lek","Yellow",1.24223684492786,2,"Yes",64.2295738652382
175.741766396985,6164.92702654333,3.30867450531408,48,0,"Light","Twi'lek","Blue",1.13174831362543,2,"No",64.3319354358267
306.343918309208,12052.4080758984,9.15083179982071,85,1,"Light","Rodian","Yellow",0.871207116916307,1,"Yes",59.0387015314565
420.626253436585,12905.1942945056,9.23543133239499,16,0,"Dark","Zabrak","Yellow",0.958049462753216,2,"Yes",64.8624983534504
229.894915783662,7904.47600457598,2.91251009859004,48,0,"Light","Human","Yellow",1.10151244259732,0,"No",41.2086667944251
349.573917197786,10623.9477917032,5.37818463021614,17,0,"Dark","Twi'lek","Yellow",1.07749722007459,0,"Yes",58.5642207094658
212.346942992989,6640.77927264936,4.86218914514001,44,0,"Light","Mirialan","Yellow",1.34237030267825,1,"No",35.8455515646952
312.097688813389,11765.6872807749,8.17792855099688,69,0,"Dark","Rodian","Blue",0.92700853778683,0,"No",52.6186540959214
487.775552716491,17353.6286197716,8.05633329055046,70,0,"Light","Zabrak","Yellow",1.20768309214512,2,"Yes",53.2656931322832
331.380280791202,12104.6186467668,3.91238708877255,61,0,"Dark","Human","Blue",1.0774993081366,1,"Yes",36.1058827096633
135.981471454218,7278.28515758925,5.99926820514452,90,0,"Light","Twi'lek","Blue",1.19004917827879,2,"Yes",57.1078374530759
269.513079150452,9591.59587742244,8.14863196202726,64,0,"Light","Human","Blue",1.09453972277899,1,"No",55.5884860799587
264.676323691097,9244.31297448393,1.38875593215627,47,0,"Dark","Twi'lek","Yellow",1.12393407693829,0,"Yes",61.1491814566961
261.897557852759,8737.82853469958,0,37,0,"Light","Human","Blue",1.20166551015604,3,"No",44.288070385114
347.852249340477,13270.3100625689,2.46234363235923,76,0,"Light","Rodian","Yellow",0.659403579021774,2,"No",72.4571178147792
263.924586755141,11316.1409272222,2.97552783320887,89,1,"Light","Rodian","Yellow",0.823281284762393,0,"Yes",50.6139542500588
145.33291417606,6436.94501327581,6.57121707624806,74,0,"Light","Human","Yellow",0.581574662715982,3,"Yes",57.2606484988502
314.464745777379,9265.9687758771,6.51045348942386,29,1,"Light","Twi'lek","Blue",1.27570260731163,1,"Yes",58.0965865904335
183.798486966269,7275.1412168174,5.97126446533427,74,1,"Light","Mirialan","Blue",1.23217208461798,3,"Yes",24.6359696740469
370.364073296543,11976.8779669535,5.08913914287031,50,1,"Light","Mirialan","Yellow",1.06068483531158,3,"Yes",52.9600292959991
345.937520495117,10550.0561175921,7.73553313805084,25,0,"Dark","Zabrak","Blue",0.963568007870107,3,"No",30.5537761708191
284.616996559553,9613.08228470146,3.45714777139254,45,0,"Dark","Rodian","Yellow",0.813567108115549,3,"No",47.8506826669221
285.829280393478,10815.3654842169,4.71745806576331,71,0,"Light","Twi'lek","Blue",1.04527290514542,3,"No",56.1010793564836
214.610304032078,9477.03009035555,10.0315630733348,86,0,"Dark","Human","Blue",0.935708096876806,1,"No",63.3648389740162
255.028294991793,8879.27426182335,0,49,0,"Light","Twi'lek","Yellow",1.36459226724361,3,"Yes",48.4319976746666
388.691504660475,13601.1812401164,6.40738197055747,58,0,"Light","Twi'lek","Blue",1.27909069196105,3,"No",55.1879904588341
215.225577884478,7719.79235606386,6.72716035339568,55,0,"Dark","Mirialan","Yellow",1.03330241332538,1,"No",58.9805509952243
260.610614974153,9498.65392823636,6.85885750804995,64,0,"Dark","Twi'lek","Blue",0.955890298878603,1,"Yes",66.9684508305146
179.471674252064,6670.9911990597,7.41759294420152,64,0,"Light","Mirialan","Blue",0.876113866940583,2,"Yes",64.96925728615
433.319277537253,13608.4988651179,3.41170400652673,14,0,"Light","Rodian","Yellow",1.09296037154331,1,"Yes",51.9165694523977
178.379285571671,7982.32199516402,3.87375633055163,74,0,"Dark","Human","Blue",1.42280717158211,0,"No",47.0530772542226
156.720430150351,7140.31843723277,9.63224434604711,80,0,"Dark","Rodian","Yellow",0.91329580566577,1,"Yes",39.6952402094881
278.785643887226,7983.81972938122,6.58244651041271,13,1,"Light","Mirialan","Yellow",0.987647762678562,3,"No",35.028621242289
220.920568102855,6742.12203046054,4.32008482843973,34,0,"Light","Twi'lek","Blue",0.564970784564896,0,"Yes",52.9679755168725
266.437377155264,10490.3919452144,7.06947195219833,73,0,"Light","Human","Blue",1.10578606586199,3,"Yes",55.0031689685266
298.022906629493,12601.0231312945,5.75084083520528,90,1,"Light","Rodian","Blue",0.961834576952663,4,"Yes",44.5158039603932
303.58459464548,9754.87595602803,7.16453487085402,50,1,"Light","Human","Yellow",0.737043504372695,3,"No",58.2324701980442
430.691468669614,15730.0851046463,6.9907954814893,72,0,"Light","Mirialan","Blue",1.16247240076383,2,"Yes",41.6593063869528
115.396983382426,6022.3832688282,4.93354018907131,81,0,"Dark","Mirialan","Yellow",1.02764291509426,0,"Yes",60.2808857313716
125.693370278366,5603.88289101204,7.3710833137828,81,1,"Light","Rodian","Yellow",0.927623644618105,1,"Yes",42.7756419515615
254.87959589418,7936.24733814876,3.21631412319643,22,0,"Light","Zabrak","Yellow",0.823873247349313,0,"Yes",69.8417993263428
208.580445512647,8403.3879035504,5.85016610086583,81,1,"Light","Human","Blue",0.823777268942118,5,"Yes",53.732817937808
190.199220096379,6523.193488317,5.69703510628731,57,1,"Light","Twi'lek","Blue",1.12892437351949,0,"Yes",50.1647283970076
296.58396094226,9329.41537307584,0.931150323074992,12,0,"Dark","Mirialan","Yellow",1.30634744164417,4,"No",40.0645749293917
271.271503984109,9062.50790276055,8.16743228911615,62,1,"Light","Zabrak","Yellow",1.03260166676096,2,"Yes",53.5069361873561
165.301109361197,7341.65452955784,3.42159493981474,73,0,"Light","Mirialan","Blue",0.778637446844669,2,"No",51.9543360372522
390.182659679346,12058.0876880127,4.04597335990049,31,0,"Light","Twi'lek","Blue",0.986962934371472,3,"No",33.1170959835681
314.43347882691,9466.45436950006,4.771003204292,27,0,"Light","Mirialan","Yellow",1.00022367880478,0,"No",34.4290625726598
410.153047493238,12894.597423842,4.07451221654454,10,0,"Dark","Mirialan","Blue",1.01003144297671,4,"No",49.519710416533
370.943054564644,13499.3675620221,2.82521490365471,66,0,"Light","Human","Blue",1.19771791408022,1,"Yes",42.6516869182015
313.198316490721,12802.0091092815,2.0145322352618,85,1,"Light","Twi'lek","Blue",1.17387965272178,6,"No",46.5199693506016
452.302842675841,14570.1304640745,4.23920818568974,39,1,"Dark","Rodian","Blue",0.996330792053218,0,"Yes",52.263056244862
200.616720371902,7233.6146248361,3.40207950978909,56,0,"Dark","Twi'lek","Blue",1.01626274582683,3,"No",40.8894321631096
163.991862445909,6572.41551305136,5.04313591045541,70,1,"Dark","Twi'lek","Blue",1.05461708105355,0,"No",59.6221817499317
307.293803876296,8654.44505639948,8.92953258151644,11,0,"Light","Mirialan","Yellow",0.85829688184583,0,"No",48.2573819925645
415.65472092886,13792.3093407766,6.07409240283857,49,0,"Dark","Human","Yellow",0.983592088556782,3,"No",46.7340645821719
174.69140762682,7490.10523495383,7.07970305896217,78,0,"Dark","Rodian","Yellow",0.738109060825257,0,"No",34.5459723851405
459.584362704982,14421.9479769043,4.8091327172582,24,1,"Dark","Zabrak","Yellow",1.04236951426323,2,"No",51.6684990241017
302.833189412875,8900.1475674675,4.88357857158711,10,0,"Light","Rodian","Yellow",0.543503225154361,2,"Yes",34.1946081067752
215.496130364276,6246.30792945779,4.69946102723532,12,0,"Light","Human","Yellow",0.967972915512434,4,"Yes",51.3068735904037
307.125943261326,9158.81402487758,9.30961779245676,35,0,"Light","Rodian","Blue",1.05491428976747,0,"No",43.9277463706037
293.394823825954,11952.1928859632,4.03036295761103,77,0,"Dark","Human","Yellow",0.677174991082312,1,"No",39.3623373458661
400.697323486252,13296.0359479204,2.85986054982116,39,0,"Dark","Mirialan","Yellow",1.04321806137933,2,"No",57.016973546476
152.613369030684,5627.48171232711,3.64794420115808,58,0,"Dark","Human","Yellow",0.901918673996516,3,"Yes",63.0079449181278
174.412537974528,5668.52902223201,10.7581474666727,55,0,"Dark","Human","Yellow",1.07949288559449,2,"No",48.5358118383625
143.82517353802,7064.79662213183,5.21929504458647,84,0,"Dark","Rodian","Blue",0.936769979370493,5,"Yes",46.2876801821595
170.560549431517,6180.13527876623,3.11329477492433,56,0,"Dark","Zabrak","Yellow",1.04883694854015,1,"No",47.4957729258618
239.846709509434,8182.43914805156,8.91519244595051,58,1,"Dark","Rodian","Yellow",1.10355808497515,1,"No",45.9324841636455
310.279855996774,11213.8239040374,5.08407371224536,67,0,"Light","Human","Blue",1.26072290958623,4,"Yes",58.8860455593256
345.164771716937,10744.4875018671,7.48047275709261,30,0,"Light","Rodian","Yellow",1.09584717858986,2,"Yes",82.2801026733784
159.490685264293,4924.51440189721,3.62215618475633,44,0,"Dark","Twi'lek","Yellow",1.11096782956051,0,"No",46.6098344244584
314.286659798558,9343.17021568057,8.20911695669916,35,0,"Light","Twi'lek","Yellow",0.437182315358324,5,"No",40.2304844998496
205.786927559927,7347.80668473725,4.1602846182828,56,1,"Dark","Twi'lek","Yellow",0.94415022477251,0,"No",36.7438171571276
320.656847697556,11044.5552454558,2.3464120858861,45,0,"Light","Zabrak","Blue",1.08931329000257,2,"Yes",46.422624278888
236.074778069725,6942.52272311292,5.20623843199934,26,0,"Dark","Mirialan","Blue",0.443104466541708,2,"No",47.7429197770024
251.511734305457,7136.41783893402,7.65300714999005,27,0,"Light","Rodian","Blue",1.18480743580162,4,"No",48.7512370020663
293.61599033145,8805.16157797217,4.62494663611222,17,1,"Dark","Twi'lek","Yellow",0.944043037376259,1,"Yes",36.6165466707614
332.792096351503,10757.9479483704,12.4673477676808,49,0,"Dark","Zabrak","Blue",1.29105420540987,1,"No",52.6527759565281
333.110792614798,10386.0282554485,2.45245842388191,28,1,"Light","Rodian","Blue",0.936226368544443,2,"No",49.8792824727917
229.948345433007,6738.5699615107,1.86012672216102,24,1,"Light","Twi'lek","Blue",1.0703754682186,2,"Yes",63.3944887893607
98.8627421551905,5945.89814210634,5.91434959796228,90,0,"Light","Human","Yellow",1.00929366733788,2,"Yes",42.7283840097407
254.295033946774,8820.66622868596,7.6283366473973,61,0,"Light","Rodian","Blue",0.952765808479748,1,"Yes",39.664973180801
149.919043115794,6881.76756968993,1.15754302743634,79,1,"Light","Rodian","Yellow",0.729128409823458,1,"No",51.6696678646426
271.69314270415,7762.91004193535,10.2547905767004,37,1,"Light","Twi'lek","Yellow",0.852745584409755,2,"No",47.6128742325932
283.11329487885,9384.91776117641,10.9307052714321,55,0,"Dark","Mirialan","Blue",0.789817932328167,3,"No",59.163634429896
437.083904630677,14190.4985804676,0,26,0,"Light","Zabrak","Blue",0.98406818818418,6,"No",56.3124380470102
185.279688357201,8001.36870002251,6.36969916948104,83,1,"Light","Human","Yellow",0.486114878521137,1,"No",66.2876323072701
236.389547218694,10052.1980615351,2.05497120149132,74,0,"Dark","Mirialan","Yellow",0.953376737589243,0,"Yes",60.5873111236574
220.234782827517,8514.48925894655,2.57393462981385,68,0,"Light","Mirialan","Yellow",0.899122123051115,1,"No",72.9333293528887
130.511006020307,4565.77952735099,3.38394933646237,46,0,"Dark","Human","Blue",1.21934512889711,2,"No",51.6076366590195
123.508877355375,6363.21178447209,0.897517417094653,81,1,"Dark","Mirialan","Yellow",0.848237863653269,2,"No",63.2423966731534
279.094070762775,8852.11084853609,8.53629932025535,48,0,"Dark","Zabrak","Blue",0.836446022441347,0,"Yes",34.4346337375664
277.130673138783,8697.25518429994,1.07214614491769,42,1,"Light","Zabrak","Yellow",1.018534212983,4,"No",48.065400076956
231.293932253076,7317.99281807848,6.00177954830188,42,0,"Light","Twi'lek","Blue",0.539714594997679,1,"Yes",47.5301299609476
245.961203369437,7267.88412681746,4.01828126275694,32,1,"Light","Rodian","Blue",0.440422956594952,1,"No",63.4053129693448
369.923384138548,12176.2560336819,0,32,0,"Dark","Rodian","Yellow",0.854868829903628,1,"Yes",59.2606040000057
305.472764326868,9364.74400038417,1.68411398427132,19,0,"Light","Rodian","Yellow",0.730394607423595,3,"Yes",42.4224677904402
351.759678322701,13291.7078672447,6.53916558918133,72,0,"Dark","Mirialan","Blue",0.681109469554993,0,"Yes",47.8221931187645
346.171999751233,13445.7632947241,6.34827425400497,77,0,"Dark","Mirialan","Blue",1.20505918898488,1,"Yes",50.9898819278944
280.570993293747,9276.11719473116,3.02253001964489,50,1,"Light","Mirialan","Blue",1.00949854205517,3,"No",46.7541886641531
265.414993540985,8309.57804537098,7.84805877413154,44,1,"Dark","Zabrak","Blue",0.860587709648561,2,"No",38.3982537265675
342.804672932915,10409.6978819078,4.80447372184626,14,0,"Light","Zabrak","Yellow",1.21718684794848,1,"No",55.1610212603923
325.408085031382,11281.963651937,2.45686288954768,42,0,"Dark","Twi'lek","Blue",0.893376756935881,4,"Yes",56.5504367708191
249.34636903855,11068.2063900309,3.66077578578203,88,1,"Light","Twi'lek","Yellow",0.903379263138424,1,"No",47.1137280217256
221.867584500674,7993.47321431742,3.55495073760156,53,0,"Dark","Mirialan","Yellow",0.831073319995933,0,"No",49.9204335666297
122.550199490778,6480.6719476149,5.81017559519772,89,0,"Light","Human","Yellow",1.41924294474813,0,"Yes",49.1391957102861
365.087334825816,12188.9860525091,3.66236275689354,47,1,"Dark","Zabrak","Blue",1.339477993536,2,"No",60.9423200050947
298.020170385293,12355.5722090907,0.808052182279362,85,1,"Dark","Zabrak","Yellow",1.22986998874858,2,"No",46.2676460789289
190.497355785877,6928.86166443784,0.739335170751935,54,0,"Light","Human","Yellow",1.0034079525878,0,"Yes",40.6796963043275
211.248062080434,7098.70839347337,3.86670666297268,54,1,"Light","Zabrak","Yellow",1.0669402393862,3,"No",57.4857200053874
354.484981319289,10979.8810130415,9.28144060862261,40,1,"Dark","Rodian","Yellow",0.921849754064675,0,"Yes",49.131685256092
148.95609716399,5189.10999219167,1.79136382586647,47,0,"Light","Human","Blue",0.867557317657099,3,"Yes",58.3780217228653
221.41272471166,6936.01391461425,4.0960478391965,28,0,"Dark","Rodian","Yellow",1.12893990912963,2,"No",44.7657344571594
409.783953773891,15367.3942655064,3.81642031241703,79,1,"Dark","Zabrak","Yellow",1.23155454796682,2,"Yes",62.4171789140147
171.265683733094,8191.72818939041,7.19344803122399,89,1,"Dark","Zabrak","Yellow",1.22533663700732,2,"Yes",47.2697109910482
239.823280733143,7017.61252418923,7.80540252918532,21,1,"Dark","Twi'lek","Yellow",1.01784119132142,2,"No",40.8211134566195
286.742670794154,7930.20127847611,7.95150197770946,10,0,"Dark","Mirialan","Blue",1.15305679240807,2,"Yes",55.4356731966847
324.504421332691,10078.1102600938,5.87013307352105,25,0,"Dark","Mirialan","Blue",1.07127456917759,3,"Yes",36.8500878495143
317.091511879026,10378.7419843785,4.11750579079905,40,0,"Dark","Mirialan","Blue",0.777795269722567,2,"Yes",43.4425152698431
203.449971274695,6406.78739170421,4.61314123267056,41,1,"Dark","Human","Yellow",0.86802698939506,1,"Yes",43.0511721174151
594.746296945077,18822.3089046671,7.3658746342449,18,0,"Light","Human","Yellow",0.737573943721893,2,"No",58.829618796957
219.459357058822,8361.33279870962,6.03757834215476,67,0,"Light","Rodian","Blue",1.23601683671112,1,"Yes",49.1350150681815
217.519322458543,6457.16408953543,5.98947241676257,33,0,"Dark","Twi'lek","Yellow",0.546660480098244,5,"Yes",46.9862743432506
419.9429768817,13120.8318766319,2.45680354183358,17,0,"Light","Mirialan","Yellow",1.2995792396167,1,"No",67.6913212725633
332.816387615358,10163.6883069749,5.32727325272497,17,0,"Dark","Twi'lek","Blue",1.06761919000351,0,"No",56.16628954617
439.618701641641,14805.2004164807,6.12080302613952,47,1,"Dark","Rodian","Blue",0.526026442290154,2,"Yes",33.0486185463513
511.139706794996,16868.392604319,1.96903090308885,41,1,"Light","Human","Blue",1.16134764252782,3,"No",48.4169849380433
280.815105393448,10168.0499184213,1.07430553537117,58,0,"Dark","Mirialan","Yellow",1.37932411201486,4,"Yes",62.3520213321755
251.415345723984,6735.19292009978,10.8049663130818,13,1,"Dark","Rodian","Yellow",1.02870043794579,3,"No",51.2325574605139
128.036352004264,5783.27539510668,6.37827807934605,73,0,"Light","Zabrak","Blue",1.0505388643731,3,"Yes",57.309736138608
284.260776762723,10349.9369488479,5.7790364361754,64,0,"Light","Rodian","Yellow",0.670030661170656,5,"Yes",56.8358213646741
225.271078796769,6589.92170072246,5.94820423831909,31,1,"Light","Twi'lek","Yellow",1.58635564763567,1,"Yes",49.550262344538
553.961667015986,18120.3545456644,1.37078840222304,40,1,"Light","Twi'lek","Yellow",0.7323995472912,0,"No",55.2728635033318
224.292172552673,7362.92683748361,8.31856733502769,56,0,"Light","Twi'lek","Blue",0.983026242238323,6,"Yes",48.8603683402275
229.351244781693,10292.484873563,0.742928549339988,82,0,"Light","Human","Yellow",0.998303260405769,1,"Yes",50.6761549332116
266.864720678652,8492.11327500866,0,12,0,"Dark","Rodian","Blue",0.87083728799171,0,"No",56.7038304585028
433.94017318771,14186.7216425275,3.24544621034733,41,0,"Light","Human","Yellow",0.981517132660131,5,"Yes",49.6370525053331
442.82068753563,17764.8241846369,2.53386449558141,89,1,"Dark","Zabrak","Blue",0.795201084697513,2,"No",55.3131949076165
188.603142998799,6889.1816493574,7.6521513301309,69,1,"Light","Zabrak","Yellow",0.729048185906382,0,"No",44.5049286454193
218.820952823488,6433.89894516175,6.52273704695265,35,0,"Light","Human","Yellow",1.26313093409953,2,"No",49.530526976721
398.302703341732,12592.1374421533,4.95388225721121,34,0,"Light","Human","Yellow",0.988518644374815,1,"Yes",41.7414717322857
296.033255590988,8122.61170978584,7.89434533477216,12,1,"Light","Twi'lek","Blue",0.862741705380302,0,"Yes",42.2942534633019
193.503639825279,7700.37727421936,6.26762394285061,70,1,"Dark","Mirialan","Blue",1.1635141958673,3,"Yes",38.1819301501288
164.772919910106,5475.84932064225,6.11452794721623,53,1,"Dark","Twi'lek","Blue",0.807243041235494,0,"Yes",44.6050299912116
148.232653599728,5944.31638052142,6.74117354504969,71,0,"Light","Zabrak","Yellow",0.674847306034699,3,"No",58.0397575726123
446.542833768966,13823.0334099321,5.5261455988577,10,0,"Light","Twi'lek","Yellow",0.757202877263964,5,"No",56.3497235412016
345.450465749234,10749.3582790411,1.97616493477569,15,0,"Light","Rodian","Yellow",0.973956392367282,2,"No",46.1483124411587
331.528409797817,9648.53344876801,4.65344410594902,13,1,"Light","Rodian","Yellow",1.0210394230343,4,"Yes",32.5975979674125
358.653689351096,11319.0261100751,4.683301603871,16,0,"Dark","Twi'lek","Blue",0.978604378695542,2,"Yes",53.7459971633283
233.248983603775,9415.72108374056,4.59207986140347,71,0,"Dark","Mirialan","Yellow",1.5306424229373,0,"Yes",44.1331785126594
309.842676920032,9977.9682369094,5.21551742678618,33,0,"Light","Rodian","Yellow",1.07505157342228,3,"No",54.1261044214223
390.450439713568,13519.0086109859,0.789124740882722,42,0,"Dark","Human","Blue",1.13485091255993,6,"No",61.6739430976238
162.814089096004,6206.62932173157,10.7452758379833,72,0,"Dark","Mirialan","Blue",1.26762759048293,0,"No",44.7543069552045
306.380955140944,9368.96869860569,2.13590410311951,11,0,"Light","Twi'lek","Yellow",0.743199288441426,1,"Yes",58.5834469304923
219.546849028168,6218.98313966921,4.29876170150417,10,0,"Dark","Twi'lek","Blue",1.05840589243629,0,"Yes",59.7015096050139
285.35844621932,12342.9337659269,3.59208549748334,85,0,"Dark","Mirialan","Blue",0.954002969199889,3,"Yes",38.4150548304733
195.929602818131,9432.3927224272,5.49222330165265,90,0,"Light","Mirialan","Yellow",1.06478501195778,1,"Yes",44.5011055997982
212.190650740956,7880.31161000028,3.99882202023913,60,0,"Light","Zabrak","Yellow",1.08850803707943,1,"Yes",41.9817310563664
225.843855035554,7032.60189504596,8.87082501663899,42,0,"Light","Mirialan","Yellow",1.11963018127745,0,"No",35.3355633469143
256.137294599838,9338.32728458571,5.60116956918971,61,0,"Light","Zabrak","Blue",1.00560605617426,1,"No",53.1768110404131
116.010726902134,5702.50495681657,6.22854489169516,77,0,"Light","Human","Blue",0.92012238630924,2,"Yes",62.0579464078341
195.28368659564,5707.43734701557,4.69364439631219,40,1,"Light","Mirialan","Yellow",1.22952910267953,0,"Yes",54.0194447795668
265.909286193855,8128.36943750263,5.62894940358626,21,0,"Dark","Rodian","Blue",1.18320657582197,3,"Yes",38.5905362964739
230.415580861311,6864.61329574061,2.48230378636772,12,0,"Light","Mirialan","Yellow",0.621843746107538,1,"No",44.2266732791105
85.4533486576713,5543.82560547345,8.58511054576576,88,0,"Dark","Zabrak","Yellow",0.978603295283136,2,"No",49.1976235018584
289.896591701202,8679.86176921313,10.5166841817722,14,0,"Dark","Twi'lek","Blue",1.57734770229731,0,"No",58.7185793194818
356.250780727643,10971.3013776651,0,22,1,"Light","Human","Yellow",1.10959145784089,3,"No",36.924086223472
214.369652140571,7000.97646641123,7.56775499509329,41,0,"Light","Rodian","Yellow",1.05196307263455,1,"Yes",45.5499018332533
478.109123944191,15622.8229122275,7.26412093841308,47,0,"Light","Mirialan","Blue",1.09114325902795,2,"Yes",38.3017147284134
248.763714681514,9513.22624527329,4.90200473974773,69,0,"Dark","Mirialan","Yellow",0.85981170741519,3,"No",41.0762082315107
386.302610672626,12541.6651636992,6.02301803047692,51,1,"Light","Rodian","Yellow",1.1194028663266,2,"Yes",64.866913755456
316.686559455414,12512.2238041603,1.96255999599146,75,0,"Light","Twi'lek","Yellow",1.13864289564266,0,"Yes",47.1820961123575
175.176395580296,8633.62236417679,6.2599243737762,88,1,"Dark","Zabrak","Yellow",1.04472387035077,0,"No",63.9313608358992
239.70387412665,8847.19091366131,3.54257263201956,63,0,"Dark","Zabrak","Yellow",1.1026465835519,3,"No",55.5276462471975
198.519616948112,8237.71057914446,6.37044113531233,78,0,"Light","Zabrak","Blue",0.839571068188013,0,"Yes",61.9031235915466
387.479285590804,10875.5892516878,11.7753340416775,23,1,"Light","Rodian","Yellow",1.23784661828762,3,"No",50.1333024925564
267.598619023808,10271.0484051991,2.78516886795046,65,0,"Dark","Zabrak","Yellow",0.583245277706767,3,"Yes",80.4266791060646
254.686756146267,7758.15158063208,0,14,0,"Light","Zabrak","Blue",0.929277164936981,3,"No",42.7416974628025
339.011452054022,10520.5008180182,5.14498285331338,35,0,"Light","Mirialan","Blue",1.20043893416811,3,"No",65.4596442267581
297.27728350952,9756.79204388249,0.759686793070868,34,0,"Light","Rodian","Blue",0.92809651652274,3,"Yes",39.1786583331077
264.026226017892,9484.06700881949,5.54320775061891,62,0,"Light","Human","Blue",1.16936309566446,4,"Yes",53.1484755071926
225.836048670119,6479.51890917716,8.13992044356805,14,1,"Dark","Zabrak","Yellow",1.06625947862725,1,"No",63.6066618986672
225.450285741946,7944.73197951314,5.5020614637636,59,0,"Dark","Twi'lek","Blue",1.26843327449185,3,"No",60.0897967594134
285.298134294044,10246.9899352205,4.77535991105739,54,0,"Dark","Human","Yellow",0.914762467404008,1,"Yes",49.8532700416243
327.760587689872,10230.4536687738,1.46719176117642,25,0,"Light","Zabrak","Blue",0.938420603496803,4,"No",59.6708940491878
195.498619663071,5810.54010137232,8.97460054597072,28,0,"Dark","Rodian","Yellow",0.847517976866207,1,"Yes",53.3011892152509
221.943790984354,8159.33037549642,5.12978527385467,68,1,"Light","Mirialan","Yellow",0.940314856530344,4,"No",55.9528979699088
303.788996302734,11579.8993845026,5.18872234024273,70,0,"Dark","Rodian","Yellow",0.885673914891217,2,"Yes",51.821753999778
490.938921460665,16378.2494857646,7.07587880987064,48,1,"Dark","Zabrak","Blue",0.944842607293787,0,"Yes",58.0694299309769
252.765740100093,7352.51648407564,10.527325495661,39,1,"Dark","Zabrak","Yellow",1.07481313584944,4,"Yes",36.0903933775596
464.814314949586,14930.131326136,2.10022603017005,35,1,"Light","Mirialan","Blue",1.46270417586966,1,"No",49.2260211901263
177.836159075764,5522.44782942581,5.49818167734909,42,0,"Dark","Zabrak","Yellow",0.973884648557833,3,"No",41.0043751672411
275.791403175552,9754.04220410772,6.33338241841555,65,1,"Light","Twi'lek","Blue",0.969966641514814,1,"Yes",50.5082789048813
267.34388529985,8270.20262713103,5.78491039472232,39,0,"Light","Twi'lek","Blue",1.25685816905043,0,"Yes",61.9466448933201
277.578325099759,10533.0960443946,3.76115304260522,65,0,"Dark","Rodian","Yellow",0.955885530015619,1,"No",34.7902068643573
320.023001977591,11594.2140715831,6.51771457814698,74,1,"Light","Rodian","Yellow",1.14346183533477,2,"No",59.0938130089626
143.458023794125,6980.79090188327,3.83912350763624,85,0,"Light","Twi'lek","Blue",1.2063134270179,0,"No",60.0079862411722
180.538146938642,7638.60674393177,7.57507181716261,72,0,"Dark","Twi'lek","Yellow",0.917519117543196,0,"No",45.4406154299759
201.394793683767,8449.61410956398,3.24217588619431,75,0,"Light","Rodian","Yellow",1.1827785355567,3,"No",41.3174925847975
292.10092122325,11808.18491504,3.14347679630523,77,0,"Dark","Rodian","Blue",0.794136433232528,1,"No",53.5748900625865
367.617418418263,13440.650848056,0.236919819696949,63,0,"Light","Mirialan","Blue",0.883835071609328,0,"No",52.4021034861203
271.561838164894,8049.26654816138,3.89219028401599,18,0,"Light","Mirialan","Blue",1.19416586840104,0,"No",60.8791138654311
191.924806934796,5577.7460647351,3.16573850078171,11,0,"Light","Twi'lek","Blue",0.740806355231075,4,"No",51.1837469967116
413.751354410852,13823.9956712618,0,41,0,"Light","Rodian","Yellow",0.948938570147854,2,"Yes",43.8940950011223
277.310411054493,8082.24423162041,8.29332029602483,30,1,"Dark","Human","Yellow",1.02706527600999,0,"No",53.2005507369902
193.706342060249,6140.69424463227,10.2286782321582,45,0,"Light","Zabrak","Yellow",0.961886966548854,3,"No",55.836212014866
75.3361555113509,5237.93181104168,1.28862307905818,83,0,"Dark","Zabrak","Yellow",0.879208795340516,2,"Yes",72.0899481247371
116.512509672864,5891.58641044846,7.31185603468675,85,1,"Light","Rodian","Yellow",1.0350232652738,2,"Yes",37.8949127689078
381.213194814562,11812.2145914355,4.90918460228574,15,0,"Light","Mirialan","Blue",0.666249368520333,0,"No",47.5546118386073
182.252188175142,8338.1529520949,5.7728274730744,86,0,"Light","Zabrak","Yellow",0.92021665300297,1,"No",33.8194221206536
115.061849190361,5943.32972428699,2.46646580847483,74,0,"Light","Mirialan","Yellow",0.924414635076283,2,"Yes",55.3717470620988
181.117923268644,8334.98492937047,3.19097476483748,81,0,"Dark","Rodian","Blue",0.963409103249957,6,"No",41.6612600315455
320.185288933072,9613.35325190949,3.33787055832818,14,0,"Dark","Zabrak","Blue",0.663453752372332,1,"No",54.0994273274548
350.049363752168,10969.213578868,3.58234328902305,20,1,"Dark","Human","Blue",0.94457744411958,3,"No",54.8307027101386
208.938726119397,7274.89982734886,3.77272317518436,52,0,"Light","Human","Yellow",0.875868906609922,1,"Yes",30.2649762944774
189.405478315982,6777.86274973259,5.64738689402442,57,0,"Light","Twi'lek","Yellow",0.957168783900641,2,"No",65.5484729531478
457.752328008632,14609.711051879,7.7172467027751,44,1,"Dark","Mirialan","Blue",0.816133638515492,2,"No",52.996901379597
164.765495776451,8191.41677320124,7.58314252136083,87,0,"Dark","Rodian","Blue",0.869974226031993,2,"No",44.6149200779239
283.670449044199,8227.15497957356,3.00524095857089,25,1,"Light","Mirialan","Yellow",1.30587415017302,2,"Yes",43.767786082281
158.741692898903,5487.22001590399,2.18920900062555,48,0,"Light","Rodian","Blue",1.47554657558464,1,"Yes",61.0781521723226
383.135848441492,11269.5336932081,7.83305783432941,13,0,"Light","Human","Yellow",1.08720642369251,3,"Yes",57.7497074344178
312.5654919427,9454.27440539075,5.00509648522884,23,0,"Light","Zabrak","Blue",1.19980999221023,2,"Yes",28.8531214612043
176.749955744087,7420.96778293146,1.71754185265843,66,0,"Dark","Rodian","Yellow",1.05219943826808,3,"Yes",43.5851977182677
221.734833841072,9931.60790358207,4.03957006749208,89,1,"Dark","Twi'lek","Blue",1.07990278376958,3,"Yes",42.3453963600353
213.968421913017,8418.74440894172,3.61213195678573,72,0,"Light","Zabrak","Blue",1.00787225555019,2,"No",48.8362309786955
239.018972979808,7695.32254704798,4.57177328165746,40,0,"Light","Twi'lek","Blue",1.18132291068251,5,"Yes",58.2546259446312
234.501541013571,6913.79730766061,1.81580925648288,19,0,"Light","Human","Yellow",0.967368051718925,2,"No",57.2770026797728
361.032876997765,10588.1428798503,8.38962713548474,23,1,"Light","Mirialan","Blue",1.1979627770182,1,"No",43.2006666224713
262.109450701597,7835.89037537088,3.739475048236,35,1,"Light","Zabrak","Yellow",0.895623889570453,1,"No",44.0466237809951
171.215813751672,7136.69276825073,4.04313543285144,69,1,"Light","Rodian","Yellow",0.569270580550491,5,"Yes",65.1427267770495
271.650536232695,7960.56331843479,11.9508646607693,22,0,"Dark","Zabrak","Blue",1.22213466827065,3,"No",53.8776939973986
222.80636902589,7343.20997095997,4.0242382484893,44,0,"Dark","Rodian","Yellow",0.804649218970792,4,"No",61.6451467584165
465.767558745622,14556.0871899831,2.49165578171464,20,1,"Light","Mirialan","Yellow",1.36376473022671,0,"No",61.1606361751324
219.293954512162,7440.23226262619,0.865817477054751,33,0,"Light","Twi'lek","Yellow",0.727923552932297,2,"Yes",34.2227967692206
250.028876632399,7479.22042183407,4.17480991613896,22,0,"Light","Mirialan","Yellow",0.881711412544388,2,"Yes",48.695097400729
225.568913363039,6297.86172577204,2.63192071492872,28,1,"Light","Zabrak","Yellow",1.11665281292591,3,"Yes",57.1093535398953
347.296890109643,11031.2264648972,6.28249721759934,31,0,"Light","Mirialan","Yellow",0.940436486719181,1,"Yes",56.1643335973149
261.139798274254,7302.20879691609,2.47490687364628,17,1,"Light","Zabrak","Blue",1.02752503784706,3,"No",74.3059173402127
467.616592526384,14584.5667778329,7.05594801505664,17,0,"Dark","Twi'lek","Blue",0.787646358993081,4,"No",24.6240519402496
277.404600572769,8741.30497791923,4.26405064922434,31,0,"Light","Zabrak","Yellow",0.795482213665489,4,"Yes",39.4855195586532
323.753653512061,10660.3229100822,5.50627063213615,40,0,"Dark","Twi'lek","Yellow",1.02877809159888,2,"Yes",55.9430028358989
200.170895706922,6948.1210516565,5.87194523408459,62,1,"Light","Rodian","Yellow",0.773416247230725,4,"No",41.6135451956891
162.161300008037,6602.05850834217,6.04353704542969,67,0,"Dark","Twi'lek","Blue",0.848646698409448,3,"Yes",54.6550377461157
491.703907902196,16038.9223381994,5.08686006088013,41,0,"Light","Human","Yellow",1.57278678778302,4,"Yes",50.1354388269466
389.196914234694,13920.3760369053,8.25032640912765,69,0,"Light","Mirialan","Yellow",1.1569503881689,4,"No",40.8693466760939
226.458916426104,7862.91484144989,8.77230779663769,62,0,"Dark","Twi'lek","Yellow",0.597871008808222,2,"Yes",52.8203220112863
160.573974652798,8214.22935651352,2.51346619064138,88,0,"Dark","Mirialan","Blue",1.16717024383956,3,"Yes",67.3812574298396
187.398017683985,7719.07775539702,0.811006451708797,66,0,"Dark","Mirialan","Yellow",1.20749852769015,0,"Yes",69.5453397139207
166.057936831982,7157.79548910219,9.42522046869182,79,1,"Dark","Zabrak","Yellow",0.737408999403238,3,"Yes",33.6150159733278
235.305270231999,9084.97329527896,5.06848857424471,70,0,"Light","Zabrak","Yellow",0.795099158735978,0,"Yes",39.5406523131268
163.945025946194,6522.38150215229,2.94992993852117,70,0,"Light","Human","Yellow",1.19542315839826,4,"No",63.5572065245359
201.026587923734,8170.08754477273,5.0853283453706,70,0,"Dark","Mirialan","Blue",0.940937368810473,0,"No",61.0947464383632
237.835041966135,9035.58015147617,8.82727002632244,76,1,"Light","Mirialan","Blue",1.24502107446176,2,"Yes",62.2830473976586
218.563710805157,6668.37625529032,7.1328174736172,21,0,"Dark","Mirialan","Yellow",0.773186466923347,3,"Yes",36.7823943189368
207.458813603543,6494.38094485344,9.36706259184799,48,0,"Light","Mirialan","Blue",0.996022633331112,3,"Yes",58.8158074063379
505.363023643,17886.6660175563,5.6239218691362,64,0,"Dark","Human","Blue",1.19965129373362,1,"Yes",55.1247993425211
235.811113767219,7019.00100185882,5.00895914255749,29,0,"Light","Rodian","Yellow",1.00222394005595,1,"Yes",66.1413888441021
194.108282257862,5869.09655138714,5.66261915124194,38,0,"Light","Rodian","Blue",1.27950133551213,4,"Yes",38.8552408155679
278.024682716922,8337.82536385598,6.91546030015348,27,1,"Dark","Human","Blue",1.09872981409453,1,"Yes",57.6356534629472
363.825967967425,10887.8068431472,5.45706138697572,18,1,"Light","Human","Blue",0.794067653974724,2,"Yes",32.4187257624682
292.214709027264,10601.3333810837,7.36186043335211,63,0,"Dark","Twi'lek","Blue",1.01601969935712,0,"Yes",36.9456821377685
289.63680195346,9302.29390578588,0,15,0,"Dark","Twi'lek","Blue",0.921173986790565,4,"No",64.3884256566857
365.186160243412,11048.0475040655,5.27769982332701,23,0,"Dark","Zabrak","Blue",1.12876074257113,1,"No",43.7895498617889
206.162383715099,10241.9255396745,0,85,0,"Dark","Twi'lek","Blue",0.762506067086321,1,"Yes",72.4712426736842
455.293184511066,18530.3277502786,2.81205301621258,89,0,"Dark","Rodian","Yellow",0.667922066962533,3,"Yes",49.672390532838
385.77695217714,12278.8031883425,4.43732828797624,24,0,"Light","Rodian","Yellow",1.03086907844058,2,"Yes",56.5790269954984
211.380554690749,10017.6676477723,2.91743831653251,85,0,"Light","Human","Yellow",1.07611042767622,0,"Yes",56.2554090711477
211.500113399451,8759.07015627381,5.49837213451938,78,0,"Light","Human","Yellow",0.833149471928373,3,"No",39.438005562249
293.197157334601,11357.7404294991,5.5330143975389,79,1,"Light","Twi'lek","Yellow",0.804255038824215,5,"Yes",55.1901364952733
289.637473645761,9706.59301670503,12.1899594052171,60,0,"Light","Mirialan","Blue",1.09906455513154,2,"No",52.1006171452772
386.256481954332,11915.8514482215,8.08330246865815,26,0,"Light","Rodian","Blue",0.845741353721804,2,"Yes",54.8899247697124
198.526797586613,9026.23057086271,7.08020367670689,85,1,"Light","Twi'lek","Yellow",1.06991568698485,1,"No",52.5593346228487
224.633908311805,7655.91283207961,6.25504055240562,48,0,"Dark","Zabrak","Blue",0.930028850088144,2,"Yes",42.1417558766414
308.453680530417,9036.93213846361,2.3744411364562,12,1,"Light","Human","Blue",1.02649560102552,3,"Yes",62.5506383591437
311.314371669169,9876.81182763858,1.95111715258835,24,0,"Dark","Rodian","Yellow",0.898326477237973,3,"Yes",40.6571510397611
314.624006386364,11051.4504818848,1.67746172596694,58,0,"Light","Mirialan","Blue",0.785421333526147,3,"Yes",60.7815303172023
174.484408670972,6141.43888564691,4.60765112319086,52,0,"Dark","Human","Blue",1.21628173598713,2,"No",58.3305003869206
194.075103321032,8735.58376930094,6.75119357304414,86,1,"Light","Zabrak","Blue",0.970799636596093,1,"No",46.4578607705323
155.096895278271,5668.70557278057,5.54376412552235,66,1,"Light","Zabrak","Yellow",0.990627549603088,0,"No",36.9685191096259
205.932306128857,6366.20537210413,1.20431699992795,32,1,"Dark","Twi'lek","Yellow",1.20202492198048,6,"Yes",55.3665854035356
137.774423053094,7148.59925056522,1.48011921970506,83,1,"Light","Zabrak","Blue",0.829688388552893,3,"Yes",37.7686466633137
455.378395478589,14733.9537688414,1.81068442955038,39,1,"Light","Rodian","Blue",1.30411073153623,2,"Yes",42.2665719389869
264.086586702436,11317.3176863816,5.31892653078172,82,0,"Dark","Rodian","Yellow",0.999930485228299,1,"Yes",60.0198426384715
188.926518861833,6588.89394578188,4.47490523144269,56,1,"Dark","Zabrak","Blue",0.887509224788121,1,"No",37.8575551136333
293.674357027799,8972.58110095254,5.09035920633004,20,0,"Light","Mirialan","Blue",0.879569777896609,2,"No",42.233549097662
365.796506890952,11709.6117717869,0,29,1,"Light","Zabrak","Yellow",0.950353886837987,3,"No",40.6074547013012
197.975386966004,7620.61387560769,2.12774768312328,64,1,"Dark","Rodian","Blue",1.29418340664961,5,"No",63.2706605927827
221.531469912903,9438.03551837722,0,75,1,"Light","Zabrak","Blue",0.962352348930808,2,"No",44.6902640892744
431.375963857443,12952.3239863731,11.9247109661221,28,1,"Dark","Twi'lek","Blue",1.07832128896268,3,"No",48.6006070891751
296.599013712058,11872.2619666544,2.86280522728868,80,0,"Light","Mirialan","Blue",1.02550718844688,3,"Yes",49.7830570939627
164.130527985415,6810.21886381281,2.86323949436113,65,0,"Light","Zabrak","Blue",1.1246123583523,2,"No",71.3477636875647
212.029820547258,8844.77989569117,9.86865428835148,81,0,"Dark","Human","Yellow",0.963680453613174,3,"No",45.1710655088826
149.062423040999,5863.64745689506,5.04637274180562,64,1,"Dark","Human","Blue",1.16924511868314,3,"No",54.663930570111
361.762601638282,10916.2653447965,3.72181605011952,15,0,"Light","Human","Yellow",0.877834863684739,2,"Yes",61.6535962152604
266.301293603,8380.17540587629,0,16,0,"Light","Rodian","Blue",0.975457766373794,3,"No",34.85884802403
223.744029270654,7307.1470277606,11.3515568713947,61,1,"Dark","Mirialan","Blue",0.768570801583295,2,"No",56.6989786784686
336.904595002106,9710.56778516827,7.02631616280704,20,0,"Light","Human","Yellow",1.01314333607658,1,"No",45.3926243084931
189.172965726777,6455.49723659138,5.45562796996962,57,1,"Dark","Twi'lek","Blue",0.917487202043925,0,"No",54.3315695049349
360.134423915121,11270.8996488941,4.75470053865513,16,0,"Dark","Mirialan","Yellow",0.703355486623257,2,"Yes",47.6333808942399
225.697659496797,8815.75352190747,0,63,0,"Dark","Rodian","Yellow",0.859253287185242,5,"No",48.8052540616632
284.095987273521,10533.0986898898,0,61,0,"Light","Human","Yellow",1.02913311141125,3,"No",47.1557345406438
187.543370279059,8261.85196174996,1.29521108800437,76,0,"Light","Human","Yellow",1.00201897583409,3,"Yes",66.5463317626137
376.806407808393,11416.7646914583,6.89774686112053,24,1,"Light","Rodian","Blue",0.864374433117297,0,"No",55.799418110862
247.746699852998,9811.71605952018,5.61095907812316,72,0,"Dark","Twi'lek","Blue",1.48847904267618,1,"Yes",41.9251059439439
166.119707705475,5162.47258389012,4.93838183448819,40,0,"Light","Rodian","Blue",1.02746687006384,2,"Yes",36.5514166042256
172.855687412585,5123.34056816404,3.67764574755633,11,0,"Light","Twi'lek","Yellow",0.81842666101098,4,"Yes",62.0237753843047
